id,date,,year,month,weekend,days,dates,holiday,name,times,venue,street,city,state,country,books,directions,formula,info,,,
0,2019-01-01,,2019,Jan,1st,Tuesday,1,New Years Day,New Year’s Day Singing,,,,Cincinnati,OH,USA,3,,Always on New Year’s Day,http://ohiosacredharp.ej345.com or John Bealle,,,
1,2019-01-01,,2019,Jan,1st,Tuesday,1,New Years Day,New Year’s Day Singing,11:15 a.m.-4:00 p.m.,Mapperley Parish Church,Nr Ilkeston,Derbyshire,,UK,3,,,Helen Brown,,,
2,2019-01-01,,2019,Jan,1st,Tuesday,1,New Years Day,New Year’s Day Singing,10:00 a.m.,Hollingsworth Home,1547 Adams Clarke Rd,Commerce,GA,USA,4,,,John Hollingsworth,,,
3,2019-01-01,,2019,Jan,1st,Tuesday,1,New Years Day,Dominic Ciavonne Ziegler Memorial Singing,,Old Felta Schoolhouse,,Healdsburg,CA,USA,3,,,Lindy Groening,,,
4,2019-01-06,,2019,Jan,1st,Sunday,6,,Shady Grove Annual Singing,,Shady Grove Primitive Baptist Church,,Winston County,AL,USA,3,,The first Sunday of each year,,,,
5,2019-01-12,,2019,Jan,2nd,Saturday,12,,The Chicago Winter Singing Workshops,12:40 p.m. - 5:00 p.m.,Berry United Methodist Church,4754 N Leavitt,Chicago,IL,USA,3,,,chicagosingings.org,,,
6,2019-01-12,,2019,Jan,2nd,Saturday,12,,Lillian Calvert and Irene Woodley Memorial Singing,6:00 p.m.,Pleasant Hill Primitive Baptist Church,,Boldo (Walker County),AL,USA,3,,Saturday night before the second Sunday in January,,,,
7,2019-01-13,,2019,Jan,2nd,Sunday,13,,Uncle Jack Kerr and Henry Kerr Memorial,9:30 a.m. CT,Camp Ground Methodist Church,24581 County Road 49,"Muscadine, Cleburne County",AL,USA,3,Take U.S. Hwy. 78 to Fruithurst—Turn north onto County Road 49—Dutch Treat Singing—Meals are served at the church for a very reasonable price.,,,,,
8,2019-01-13,,2019,Jan,2nd,Sunday,13,,Anniversary Singing,9:30 a.m.,Kilbourn Park Fieldhouse,3501 N Kilbourn Ave,Chicago,IL,USA,3,,,Terry Cunningham,,,
9,2019-01-13,,2019,Jan,2nd,Sunday,13,,Helms-Bayne Memorial,,Pleasant Grove Primitive Baptist Church,,Ozark,AL,USA,1,,,Tommie Spurlock or Stanley Smith,,,
10,2019-01-19,,2019,Jan,3rd,Saturday,19,,Auburn Sacred Harp Singing,9:30 a.m.,First Presbyterian Church of Auburn,"148 E. Thach, Baird Hall",Auburn,AL,USA,3,,,Robert Chambless,,,
11,2019-01-19,,2019,Jan,3rd,Saturday and Sunday,"19,20",,All-California Sacred Harp Convention,9:30 a.m.-3:30 p.m.,,,San Diego,CA,USA,3,,,"Laura Boyd Russell (Los Angeles), Lindy Groenig (San Francisco) and Mairye Bates (San Diego)",,,
12,2019-01-20,,2019,Jan,3rd,Sunday,20,,Creel Memorial Christian Harmony Singing,9:30 a.m.,Old County Line Church,,"near Corner, (Jefferson County)",AL,USA,3,,,,,,
13,2019-01-20,,2019,Jan,3rd,Sunday,20,,Faircloth Memorial,,Union Hill Singing Hall,"Hwy 177, 9 miles from Hwy 79, Millers Crossroads",Bonifay,FL,USA,1,,,Aubrey Barfield,,,
14,2019-01-26,,2019,Jan,4th,Saturday,26,,William J. Reynolds Sacred Harp Singing,9:30 a.m.,Southwestern Baptist Theological Seminary,,,,USA,3,"Cowden Hall—Fort Worth, (Tarrant County), Texas—Dutch Treat",Last Saturday in January,Timothy Studstill,,,
15,2019-01-26,,2019,Jan,4th,Saturday and Sunday,"26,27",,W.L. Green Memorial and Baldwin County Cooper Book Singing,9:30 a.m.,Galilee Primitive Baptist Church,37295 US Hwy 31 S,Stapleton,AL,USA,3,,Fourth Sunday and Saturday before in January,Bill Hogan,,,
16,2019-01-26,,2019,Jan,4th,Saturday and Sunday,"26,27",,Keystone Convention,10:00 a.m.,,,,PA,USA,3,,,"Nancy Tkacs, ntkacs@gmail.com",,,
17,2019-01-26,,2019,Jan,4th,Saturday and Sunday,"26,27",,Australian Convention,,,,"Gerringong, New South Wales",,Australia,3,,,sacredharpaustralia.com,,,
18,2019-02-02,,2019,Feb,1st,Saturday,2,,Rotunda Singing,9:30 a.m.-3:00 p.m.,Alabama Department of Archives and History,,,AL,USA,"3, 1, 2, 6","between Adams and Washington streets, Montgomery, Alabama—Lunch provided with $5.00 donation",,Bill Hogan / Joey Brackner,,,
19,2019-02-03,,2019,Feb,1st,Sunday,3,,Burnham and Brown Memorial,9:00 a.m.,Wesley Foundation,,Jacksonville (Calhoun County),AL,USA,3,"Driving north on Hwy. 21, go through the square—Once past Mountain Street, look for the Wesley Foundation building on the left. Everyone is asked to bring a covered dish to help with lunch",,Pearl Guier,,,
20,2019-02-03,,2019,Feb,1st,Sunday,3,,Central Music Convention,,Traveler’s Rest Church,,Samson,AL,USA,1,,,Wayne Jones,,,
21,2019-02-09,,2019,Feb,2nd,Saturday,9,,Minnesota State Midwinter Singing,9:30 a.m.,,,,MN,USA,1,,,Matt Wells or fasolamatt@yahoo.com,,,
22,2019-02-09,,2019,Feb,2nd,Saturday,9,,Baylor University Singing,,"Truett Seminary Great Hall, Baylor University",,Waco,TX,USA,3,,,David Music,,,
23,2019-02-09,,2019,Feb,2nd,Saturday,9,,Cape Cod Sacred Harp Singing,10:00 a.m.,West Falmouth Friends Meeting House,572 West Falmouth Highway,Falmouth,MA,USA,3,"On Route 28A in West Falmouth, MA",Saturday before the second Sunday in February,"Bill Holt, Chuck Micciche, FB events",,,
24,2019-02-09,,2019,Feb,2nd,Saturday,9,,Sanders Memorial,9:30 a.m.,Liberty Church,,"McCormick, Jefferson County",AL,USA,3,,,Danny Creel,,,
25,2019-02-09,,2019,Feb,2nd,Saturday,9,,Emory University,10:00 a.m.,Cannon Chapel,,Decatur,GA,USA,3,,,John Plunkett or atlantasacredharp.org,,,
26,2019-02-10,,2019,Feb,2nd,Sunday,10,,Elder Roy Avery Memorial Singing,,Rocky Mount Primitive Baptist Church,,Tallapoosa County,AL,USA,3,,,,,,
27,2019-02-16,,2019,Feb,3rd,Saturday,16,,Lincoln’s Birthday Singing,1:00 p.m.,"University of Chicago, Ida Noyes Hall",,Chicago,IL,USA,3,,"(Note: this singing is in connection with Folk Festival and will alternate with first, second, or third Sunday)",www.chicagosingings.org,,,
28,2019-02-16,,2019,Feb,3rd,Saturday,16,,Alabama Collegiate Singing,9:30 a.m.,,,Tuscaloosa,AL,USA,3,,,Scott Ivey or Stephen Smith,,,
29,2019-02-16,,2019,Feb,3rd,Saturday,16,,Panhandle Pioneer Museum,,,,Blountstown,FL,USA,1,,,Russ Scholz,,,
30,2019-02-16,,2019,Feb,3rd,Saturday and Sunday,"16,17",,Pacific Northwest Convention,9:30 a.m.,Ballard Homestead,,Seattle,WA,USA,3,"Singing school and singing on Saturday, and all day singing on Sunday",,Kate Coxon or chair@pacificnwsacredharpsingers.org,,,
31,2019-02-17,,2019,Feb,3rd,Sunday,17,,State University of West Georgia Singing,10:00 a.m.,Food Service Building (Z-6),1061 Maple St,Carrollton (Carroll County),GA,USA,3,,,"Nathan Rees, Philip Denney",,,
32,2019-02-23,,2019,Feb,4th,Saturday,23,,J.L. White Sacred Harp/Eclectic Harmony I and II,10:00 a.m.,Hardeman Primitive Baptist Church,,Decatur,GA,USA,3,3965 Glenwood Road,,John Plunkett or Laura Akerman,,,
33,2019-02-23,,2019,Feb,4th,Saturday,23,,South Yorkshire Sacred Harp Singing Day,10:30 a.m.,Wood Lane Countryside Centre,Wood Lane,"Stannington, Sheffield",,UK,3,,,David D. Elliott,,,
34,2019-02-23,,2019,Feb,4th,Saturday,23,,Troy All-Day Singing,,Pioneer Museum,,Troy,AL,USA,1,North of Troy on west side of Hwy 231,,Ken S. Sundberg,,,
35,2019-02-23,,2019,Feb,4th,Saturday and Sunday,"23,24",,Texas State Convention,9:30 a.m.,"Coker United Methodist Church, 231 E. North Loop Road",,San Antonio,TX,USA,3,,,"Mike Hinton, Janie Short",,,
36,2019-02-24,,2019,Feb,4th,Sunday,24,,University of Georgia,,"Visitor Center, Botanical Gardens",,"Athens, Clarke County",GA,USA,"3, 7",Turn right at intersection of Highway 129 and 441 (Milledge Avenue Extension)—Go 1 mile to Botanical Garden sign—Turn right,,John Garst,,,NEXT BOOKS TO ADD
37,2019-03-01,,2019,Mar,1st,Fri-Sun,1-3,,Ireland Sacred Harp Convention,"Friday evening singing school, Sat, Sun: 10:00 a.m.-4:00 p.m.",,,Cork,,Ireland,3,,,www.corksacredharp.com/convention,,,
38,2019-03-02,,2019,Mar,1st,Saturday,2,,Emmaus Primitive Baptist Church,,,,Thomaston (Upson County),GA,USA,3,"From the courthouse square in Thomaston, go west on Georgia Alternate Highway 74. Go 0.7 miles and turn right on Hannahs Mill Road, then immediately turn left on Emmaus Church Road. At stop sign, turn left.  Church is on the right.",Saturday before the first Sunday in March,,,,
39,2019-03-02,,2019,Mar,1st,Saturday,2,,Elmore Center Singing,10:00 a.m.,Elmore Center United Methodist Church,1165 County Road 21,"Gordo, Pickens County",AL,USA,3,4 miles south of Gordo on County Roads 9 and 21,,Jack Pate,,,
40,2019-03-02,,2019,Mar,1st,Saturday,2,,Arie and Mona Galloway Memorial,,Traveler’s Rest Church,,Samson,AL,USA,1,,,,,,
41,2019-03-02,,2019,Mar,1st,Saturday and Sunday,"2,3",,Ohio State Convention,Saturday 10:00 a.m.-3:30 p.m.—Sunday 9:30 a.m.-3:00 p.m.,,,Dayton,OH,USA,3,"——Convention usually alternates between Dayton, Cincinnati, Columbus",First Sunday and Saturday before in March,http://ohiosacredharp.ej345.com or John Bealle,,,
42,2019-03-02,,2019,Mar,1st,Saturday and Sunday,"2,3",,Elder Gerald Hand Memorial and Tucson Singing,9:30 a.m.,,,Las Cruces,NM,USA,3,,,Paige Winslett,,,
43,2019-03-02,,2019,Mar,1st,Saturday and Sunday,"2,3",,North Carolina Sacred Harp Convention,,Saturday-Pullen Memorial Baptist Chapel,"1801 Hillsborough St., Raleigh, NC 27605. Sunday-Old Murphey School, 3717 Murphey School Rd.",Durham,NC,USA,"3, 5",,,Lynda Hambourger or ncshapenote.org,,,
44,2019-03-03,,2019,Mar,1st,Sunday,3,,Mr. and Mrs. Frank Rogers Memorial,9:30 a.m.,Ephesus School Auditorium,,Ephesus (Heard County),GA,USA,3,—On Georgia Hwy. 100,,Karen Rollins,,,
45,2019-03-09,,2019,Mar,2nd,Saturday,9,,Smith Memorial Singing,10:00 a.m.,New Harmony Community Center,,Smith County,TX,USA,"1, 3",Northwest of Tyler on Farmers Market Rd. 724 in the New Harmony community—Between State Hwy. 64 and 110,,Gaylon Powell,,,
46,2019-03-09,,2019,Mar,2nd,Saturday,9,,Olympia All-Day Singing,,,,Olympia,WA,USA,3,,,Marla Beth Elliott,,,
47,2019-03-09,,2019,Mar,2nd,Saturday,9,,John Etheridge Singing (in Memory of Winston Jones and Doss Bryan),,Valley Grove Primitive Baptist Church,,Opp (Covington County),AL,USA,1,10 miles north of Opp on Hwy. 331,,"Wayne Jones, Tim Jones",,,
48,2019-03-09,,2019,Mar,2nd,Saturday,9,,Union Primitive Baptist Church Singing,10:00 a.m.,Union Primitive Baptist Church,,Temple,GA,USA,3,"From I-20, take exit 24 to Hwy 101 North. Continue to three way stop and turn left. Go approximately 7.3 miles. Take Union Church Rd on left immediately past Union Elementary School (school address is 206 GA-101, Temple, GA 30179). Road dead ends into parking lot.",,"Samuel Williams, samuelplectrum@gmail.com",,,
49,2019-03-09,,2019,Mar,2nd,Saturday,9,,Sussex Shape Note Singing,,Staplefield Village Hall,,"Crawley, West Sussex",,UK,3,,,Tony Singleton/Jill Thompson,,,
50,2019-03-09,,2019,Mar,2nd,Saturday,9,,"Kyneton, Australia All-Day Singing",,,,Kyneton,,Australia,3,,,kynetonsacredharp@gmail.com,,,
51,2019-03-09,,2019,Mar,2nd,Saturday and Sunday,"9,10",,Missouri State Convention,9:30 a.m.,St. John’s United Church of Christ,,,MO,USA,3,"Pinckney, Missouri—11.5 miles west of Marthasville, on Hwy. 94",,Karen Isbell or Becky Browne or Paul Figura,,,
52,2019-03-09,,2019,Mar,2nd,Saturday and Sunday,"9,10",,Western Massachusetts Sacred Harp Convention,9:30 a.m.,,,Northampton,MA,USA,3,,,wmshc.chair@gmail.com,,,
53,2019-03-10,,2019,Mar,2nd,Sunday,10,,Oxford Singing,9:45 a.m.,Powerhouse Community Arts Center,University Ave. at South 14th Street,"Oxford, Lafayette County",MS,USA,3,,,Warren Steel,,,
54,2019-03-16,,2019,Mar,3rd,Saturday,16,,Hoboken Annual Singing,9:00 a.m.,Hoboken Elementary School Auditorium,224 Church Street North,Hoboken (Brantley County),GA,USA,1,"From U.S. 82 eastbound, turn north on Kelly (at the flashing caution light)—Cross railroad tracks—Turn left on Chicago and enter the parking lot of the school on the right",,Riley Lee,,,
55,2019-03-16,,2019,Mar,3rd,Saturday,16,,South Carolina State Singing in Memory of William Walker,10:00 a.m.,Second Presbyterian Church,,,SC,USA,"2, 3","across from Wofford College—Spartanburg, South Carolina—Lunch on your own.",,Robert Kelley,,,
56,2019-03-16,,2019,Mar,3rd,Saturday,16,,"Stephenson, Wall, and Hocutt Memorial Singing",6:00 p.m.,Pleasant Grove Primitive Baptist Church,,Boldo (Walker County),AL,USA,3,,,,,,
57,2019-03-17,,2019,Mar,3rd,Sunday,17,,"Godsey Sisters and Sandra Spradlin Memorial (Leona Horton, Maude Adams, Delia Watts, and Mina Adams)",10:00 a.m.,The Log House,277 Cagle Road,Double Springs,AL,USA,3,"Hwy 278W to Double Springs, Alabama.  Turn right onto Hwy 33 and go to caution light.  Turn right and go past the school.  Turn right onto Cagle Road.",,Margaret Keeton,,,
58,2019-03-23,,2019,Mar,4th,Saturday,23,,Higher Ground Singing,10:00 a.m.,United Campus Ministries,321 N 7th Street,Terre Haute,IN,USA,3,,,Barb Lund,,,
59,2019-03-23,,2019,Mar,4th,Saturday,23,,Ann Arbor Singing,10:00 a.m.,"Keverson Hall, Moore Building, University of Michigan",,Ann Arbor,MI,USA,3,"1100 Baits Drive, University of Michigan, Ann Arbor, MI 48109",,Mark Clague,,,
60,2019-03-23,,2019,Mar,4th,Saturday,23,,Pittsburgh Regional All-Day Singing,,Crossroads Presbyterian Church,2310 Haymaker Road,Monroeville,PA,USA,3,,,Gerald Hoffman or Penny Anderson,,,
61,2019-03-23,,2019,Mar,4th,Saturday,23,,Vermont All-Day Singing,,Old Labor Hall,36 Granite Street,Barre,VT,USA,3,,,vtshapenotsingers.com or Dan Coppock,,,
62,2019-03-23,,2019,Mar,4th,Saturday and Sunday,"23,24",,Georgia State Convention,9:30 a.m.,Lyndon House Arts Center,211 Hoyt Street,Athens,GA,USA,3,,,Michael Spencer,,,
63,2019-03-24,,2019,Mar,4th,Sunday,24,,Tom Woodham-Ezzie Hortzog Memorial,,Union Hill Singing Hall,"Hwy 177, Millers Crossroads",Bonifay,FL,USA,1,,,Russ Scholz,,,
64,2019-03-30,,2019,Mar,5th,Saturday,30,,Georgian Harmony Singing,,Roberta Civic Center,South Matthews St.,Roberta,GA,USA,3,,,John Plunkett,,,
65,2019-03-30,,2019,Mar,5th,Saturday,30,,"Parker, Hollis, Putman Memorial",9:30 a.m.,Liberty Church,,"McCormick, Jefferson County",AL,USA,3,,Saturday before the first fifth Sunday of year,Danny Creel,,,
66,2019-03-30,,2019,Mar,5th,Saturday and Sunday,"30,31",,Southwest Texas Convention,,Bethel Primitive Baptist Church,,McMahan (Caldwell County),TX,USA,1,On Farmers Market Road 713—Between Bastrop and Luling—East of Lockhart,First fifth Sunday in the spring (March or later),Tom Owen,,,
67,2019-03-31,,2019,Mar,5th,Sunday,31,,Ivey Memorial,9:30 a.m.,Liberty Church,,Henagar (DeKalb County),AL,USA,3,,First fifth Sunday of year,David Ivey or Rodney Ivey,,,
68,2019-03-31,,2019,Mar,5th,Sunday,31,,Old Chicora (Hillsborough County) Singing,10:00 a.m.,Bethlehem Primitive Baptist Church,17385 Bethlehem Road,Lithia,FL,USA,1,,Fifth Sundays,Skylar Strickland or Janice Clenney,,,
69,2019-04-06,,2019,Apr,1st,Saturday,6,,Jones Memorial Singing,,Cool Springs Primitive Baptist Church,,Opp (Covington County),AL,USA,1,"0.5 miles west of Hwy 299 (Martin Luther King Expressway) on Hwy. 84—from North on Hwy 299, turn right on Hwy 84, from South, turn left",,Wayne Jones,,,
70,2019-04-06,,2019,Apr,1st,Saturday,6,,Harpeth Valley-Priestley Miller Memorial Singing,9:30 a.m.,Radnor Primitive Baptist Church,503 Brewer Drive,Nashville (Davidson County),TN,USA,3,"From I-65, take Exit 74A (Old Hickory Blvd. east) turn left onto Edmondson Pike (2.2 mi.), turn right on McMurray Dr. (1.1 mi.), turn left on Brewer Dr. From I-24, take Exit 59 and go left on Bell Rd, turn right on Nolensville Rd. (3.3 mi.), turn left on Brewer Dr. (.5 mi.) Church (.6 mi.) Signs will be posted. ",Saturday before the first Sunday in April,Tim Reynolds,,,
71,2019-04-06,,2019,Apr,1st,Saturday,6,,Brazos River Singing,10:00 a.m.-3:00 p.m.,Martin Luther Lutheran Church,202 Luther Lane,Carmine,TX,USA,1,"202 Luther Lane, Carmine, Texas—20 miles west of Brenham on Hwy 290",,Gaylon Powell,,,
72,2019-04-06,,2019,Apr,1st,Saturday,6,,Iowa Singing,,St. John Lutheran Church,600 Sixth Avenue,Des Moines,IA,USA,3,,,Michael Moore or facebook,,,
73,2019-04-06,,2019,Apr,1st,Saturday,6,,Brighton Sacred Harp Singing Day,,,,"Brighton, East Sussex",,UK,3,,,Guy Hayes or Sarah Hill,,,
74,2019-04-06,,2019,Apr,1st,Saturday,6,,Sweetwater All-Day Singing,,Church of the Mediator,401 NE Cholokka Blvd.,Micanopy,FL,USA,3,,,Jonathan Surrency,,,
75,2019-04-06,,2019,Apr,1st,Saturday and Sunday,"6,7",,Potomac River Convention,10:00 a.m.,The Great Falls Grange,9818 Georgetown Pike,Great Falls,VA,USA,"3, 5",,First weekend in April.,"Matt Roberts, saotomesan@yahoo.com",,,
76,2019-04-07,,2019,Apr,1st,Sunday,7,,Hugh Bill McGuire Memorial,,Bethel Primitive Baptist Church,,Calhoun County,MS,USA,3,Hwy. 9—one mile north of Bruce—Church is on the right,,,,,
77,2019-04-07,,2019,Apr,1st,Sunday,7,,Edwardsville Baptist Church,9:30 a.m.,,,Edwardsville (Cleburne County),AL,USA,3,Six miles east of Heflin—Just off U.S. Hwy. 78,,,,,
78,2019-04-12,,2019,Apr,2nd,Friday,12,,"Elder Homer Benefield, Katherine Benefield, and Mildred Johnson Memorial",6:30 p.m. ET,Shiloh Primitive Baptist Church,225 Shiloh Church Rd,Waco,GA,USA,3,,Friday night before the second Sunday in April,,,,
79,2019-04-13,,2019,Apr,2nd,Saturday,13,,Bainbridge Island All-Day Sacred Harp Singing,,Seabold Hall,"14450 Komedal Rd, NE",Bainbridge Island,WA,USA,3,,,Kevin Barrans /  kbarrans@gmail.com,,,
80,2019-04-13,,2019,Apr,2nd,Saturday,13,,State Line Church,9:00 a.m. CT,,,Cleburne County,AL,USA,3,From west to east: Take U.S. Hwy. 78 to the Georgia State Line; immediately turn around and come back to first road to the right (Co. Rd. 69). Go to the second road on the right (dirt—NOT paved—County Road 207) and turn right. Go approximately 500 yards and church will be on left.—From the east: Go to Georgia State Line and follow the same directions,,Pam Nunn,,,
81,2019-04-13,,2019,Apr,2nd,Saturday,13,,Barfield Memorial,,Union Hill Singing Hall,"Hwy 177, 9 miles from Hwy 79, Miller Crossroads",,FL,USA,1,"Hwy 177, 9 miles from Hwy 79, Miller Crossroads, Florida, near Bonifay.",,"Aubrey Barfield, taubrey1@cox.net ",,,
82,2019-04-13,,2019,Apr,2nd,Saturday,13,,Paris Singing,,,"Centre 72, 72 rue Victor Hugo, 92270",Colombes,,France,3,,,leopoldine.guillaume@gmail.com,,,
83,2019-04-14,,2019,Apr,2nd,Sunday,14,,Antioch Baptist Church,9:30 a.m.,,,Ider (DeKalb County),AL,USA,3,Take I-59 north—Exit right at Exit 231—Turn left onto Hwy. 40/117—Go 1.4 miles and turn right on Hwy. 117—Go 9.5 miles (You will cross Hwy. 75)—Turn right onto Hwy. 141—Go 3.9 miles—Turn right onto County Road 783 and immediately back left onto County Road 782—Church is on left,,,,,
84,2019-04-14,,2019,Apr,2nd,Sunday,14,,County Line Church,9:30 a.m.,,,"near Corner, (Jefferson County)",AL,USA,3,,,,,,
85,2019-04-14,,2019,Apr,2nd,Sunday,14,,Palm Sunday Singing,10:30 a.m.,Cumnor Village Hall,Leys Road,Oxford,,UK,3,,Palm Sunday,Mandy Townsend,,,
86,2019-04-20,,2019,Apr,3rd,Saturday,20,,Middle Georgia Sacred Harp Singing,10:00 a.m.,Union Primitive Baptist Church,,Goggans,GA,USA,3,Johnstonville Road between I-75 and Barnesville,,Harry Eskew,,,
87,2019-04-20,,2019,Apr,3rd,Saturday,20,,Rhode Island All-Day Sacred Harp Singing,10:00 a.m.,Providence Friends Meeting House,99 Morris Ave,Providence,RI,USA,3,,,risacredharp.org,,,
88,2019-04-20,,2019,Apr,3rd,Saturday,20,,Sharon Jordan Leach Memorial Singing,10:00 a.m.,Rocky Mount Primitive Baptist Church,,Marshall County,AL,USA,3,"2237 Guntersville Road, Arab, Alabama—2 miles east of Arab—off Ala. Hwy 69, follow signs",,,,,
89,2019-04-20,,2019,Apr,3rd,Saturday,20,,"Jackson, Tennessee Singing",10:00 a.m.,Casey Jones Village,56 Casey Jones Lane,Jackson,TN,USA,3,Just south of I-40 at Exit 80A,,Michael Penney,,,
90,2019-04-21,,2019,Apr,3rd,Sunday,21,Easter,Enon Primitive Baptist Church,Dinner at 12:00 noon with singing beginning at 1:00 p.m.,,,Chickasaw County,MS,USA,3,South of Hwy. 8—8 miles east of Houston—From Hwy. 8—Turn south on County Road 190—Church is on the left,,,,,
91,2019-04-21,,2019,Apr,3rd,Sunday,21,Easter,Old Harmony,9:30 a.m.,Old Harmony Primitive Baptist Church,3490 County Road 60,"Heflin, Cleburne County",AL,USA,3,"Approximately 10 miles east of Heflin—Take Exit 210 (Ranburne/Muscadine, exit off I-20)—Take first road on right (County Road 60)—Go 1 mile—Church on right",,,,,
92,2019-04-21,,2019,Apr,3rd,Sunday,21,Easter,New Haven Singing,,,,New Haven,CT,USA,3,,,Ian Quinn,,,
93,2019-04-21,,2019,Apr,3rd,Sunday,21,Easter,Pine Grove Church,9:30 a.m.,,,"Lookout Mountain, Near Collinsville, DeKalb County",AL,USA,3,,,Rodney Ivey,,,
94,2019-04-27,,2019,Apr,4th,Saturday,27,,Oliver Kindig-Stokes Memorial,,York Friends Meetinghouse,135 W. Philadelphia St,York,PA,USA,3,,,Lamar Matthew or Erin Kelly,,,
95,2019-04-27,,2019,Apr,4th,Saturday,27,,Shiloh Primitive Baptist Church Singing,9:30 a.m.,,,Frisco City,AL,USA,1,,,Tim Taylor,,,
96,2019-04-27,,2019,Apr,4th,Saturday,27,,Golden Gate Singing,,"San Francisco Bay Area, Location TBD",,,CA,USA,3,http://fasola.org/sf/goldengate/,,chair@bayareasacredharp.org,,,
97,2019-04-27,,2019,Apr,4th,Saturday,27,,Detroit Singing,9:30 a.m.,Cathedral Church of St. Paul,4800 Woodward Ave,Detroit,MI,USA,3,,,Jamie Yeats,,,
98,2019-04-27,,2019,Apr,4th,Saturday,27,,Atlanta Sacred Harp Singing,9:30 a.m.,Rock Spring Presbyterian Church,"Fellowship Hall, 1824 Piedmont Ave NE",Atlanta,GA,USA,3,"GPS--33.804629, -84.368311",,Andy Ditzler,,,
99,2019-04-27,,2019,Apr,4th,Saturday,27,,New York State Regional (Spring),10:00 a.m.,Ithaca Friends Meeting House,120 3rd St.,Ithaca,NY,USA,3,,,Ginny Huszagh,,,
100,2019-04-27,,2019,Apr,4th,Saturday and Sunday,"27,28",,Rusk County Convention,,Old Pine Grove Church,,Henderson,TX,USA,"1, 2",,"Fourth weekend in April unless falls on Easter, then third weekend in April","Robert Vaughn or Gaylon Powell, Christian Harmony (Sat)—Cooper Book (Sun)",,,
101,2019-04-27,,2019,Apr,4th,Saturday and Sunday,"27,28",,East Midlands Sacred Harp Convention,10:00 a.m.,Village Hall,,"Kegworth, Leicestershire",,UK,"1, 3",0.5 miles SE of M1 junction 24—5 minutes from East Midlands Airport and 45 minutes from Birmingham International Airport,,Ian West,,,
102,2019-04-27,,2019,Apr,4th,Saturday and Sunday,"27,28",,Bob Meek Memorial/Harrods Creek Shape Note Convention,9:30 a.m.-3:30 p.m.,Harrods Creek Baptist Church,,Brownsboro,KT,USA,"1,3,8",Take I-71 North—Go to exit 14—Turn left—Go 1.5 miles past Christian Church on right—Church will be on left——From Louisville,Held on the weekend before the first Saturday in May (because of Derby weekend).,Michele Cull,,,
103,2019-04-28,,2019,Apr,4th,Sunday,28,,Friendship Church,,,,"Winston County, Eight miles southeast of Haleyville",AL,USA,3,"On Hwy. 195, Turn south at church sign, go 2 miles, church on left—Going north—look for church sign, go south 2 miles",,,,,
104,2019-04-28,,2019,Apr,4th,Sunday,28,,Alewine-Laminack Memorial,9:30 a.m. CT with Lunch 12:00 noon CT,St. Michael Lutheran Church,2213 County Road 14,"Muscadine, Cleburne County",AL,USA,3,Take U.S. 78 to Fruithurst—Turn north (County Road 35) at post office—Go to County Road 49—Follow County Road 49 north to County Road 14 (Rosewood Community)—Turn right—Go approximately 2 miles—Church on left,,,,,
105,2019-04-28,,2019,Apr,4th,Sunday,28,,Alabama State Cooper Book Convention,Semi-Annual Session,Traveler’s Rest Church,,Samson,AL,USA,3,,,Victoria Aplin,,,
106,2019-05-04,,2019,May,1st,Saturday,4,,Huntsville Sacred Harp Singing,9:30 a.m.,Burritt on the Mountain,,"Huntsville, (Madison County)",AL,USA,3,,Singing held on Saturday before the first Sunday in May,David Ivey,,,
107,2019-05-04,,2019,May,1st,Saturday,4,,Northwest Arkansas Convention,10:00 a.m.-3:00 p.m.,St. John’s Episcopal Church,707 W. Central Ave.,Harrison,AR,USA,3,,,Syd Caldwell,,,
108,2019-05-04,,2019,May,1st,Saturday,4,,Augusta Sacred Harp Singing,,Augusta Old Line Primitive Baptist Church,,Martinez,GA,USA,3,,,Diane Goldman,,,
109,2019-05-04,,2019,May,1st,Saturday and Sunday,"4,5",,Portland Singing,9:30 a.m.-3:00 p.m.,The Little Church,5138 NE 23rd Avenue,Portland,OR,USA,"2, 3",,,"Thom Farhbach, poshchair@gmail.com or Portland Sacred Harp on Facebook, Saturday singing from The Sacred Harp, 1991 Edition and Sunday singing from The Christian Harmony",,,
110,2019-05-05,,2019,May,1st,Sunday,5,,Heath Memorial,,Mabson Church,,Ozark,AL,USA,1,5 miles east of Ozark on Hwy 36,,Tommie Spurlock or Stanley Smith,,,
111,2019-05-05,,2019,May,1st,Sunday,5,,Shady Grove Baptist Church,,,,Dutton (Jackson County),AL,USA,3,,,Syble Adams,,,
112,2019-05-05,,2019,May,1st,Sunday,5,,Shady Grove (Keeton Cemetery),10:00 a.m.,,141 Keeton Lane,"Nauvoo, Walker County",AL,USA,3,,,Glenn Keeton,,,
113,2019-05-07,,2019,May,1st,Tuesday,7,,Coffee Springs Singing,,,Senior Citizens Building,Coffee Springs,AL,USA,1,,First Tuesday in May each year,,,,
114,2019-05-11,,2019,May,2nd,Saturday,11,,Memphis Singing,,Grace Chapel Primitive Baptist Church,838 Berclair Road,Memphis,TN,USA,3,,,Matt Bell,,,
115,2019-05-11,,2019,May,2nd,Saturday,11,,Furman University Sacred Harp/Christian Harmony Singing,,"Herring Pavilion, Furman Campus",,Greenville,SC,USA,3,,,,,,
116,2019-05-11,,2019,May,2nd,Saturday,11,,Boston Singing,10:00 a.m.,St. Paul's Episcopal,15 St. Paul St.,Brookline,MA,USA,3,,,www.bostonsacredharp.org,,,
117,2019-05-11,,2019,May,2nd,Saturday,11,,Mid-Michigan Singing,,Faith Lutheran Church,,Okemos,MI,USA,3,,,Bob Borcherding/Anne Missavage,,,
118,2019-05-11,,2019,May,2nd,Saturday,11,,Bristol Singing,10:30 a.m.,Frenchay Quaker Meeting House,Beckspool Road,Bristol,,UK,3,,,bristolsacredharp.org,,,
119,2019-05-11,,2019,May,2nd,Saturday,11,,J.W. Bassett Memorial and Stockholders Meeting,,Traveler’s Rest Church,,Samson,AL,USA,1,,,Tommie Spurlock or Wayne Jones,,,
120,2019-05-18,,2019,May,3rd,Saturday,18,,Los Angeles Regional Singing,,"Angels Gate Cultural Center, Building H",,San Pedro,CA,USA,3,,,homepage.smc.edu/russell_richard/fasola/,,,
121,2019-05-18,,2019,May,3rd,Saturday,18,,Mentone Rhododendron Festival Singing,9:30 a.m.,St. Joseph’s Church,,Mentone,AL,USA,3,,,Susan Cherones,,,
122,2019-05-18,,2019,May,3rd,Saturday,18,,Kenneth Fannin Memorial and Providence Singing,10:00 a.m.,Mt. Olive Primitive Baptist Church at Providence,,Cullman County,AL,USA,3,"2 County Road 1428, Vinemont, Alabama 35179. Located on eastern side of Cullman County Road 1435.",,,,,
123,2019-05-18,,2019,May,3rd,Saturday,18,,Kentucky State Sacred Harp Convention,,Pisgah Presbyterian Church,,Versailles,KT,USA,3,Near Lexington,,Charles Coulston,,,
124,2019-05-18,,2019,May,3rd,Saturday,18,,Goodshaw Sacred Harp Singing,10:30 a.m.,Goodshaw Baptist Church,Chapel Street,"Goodshaw, Rossendale, Lancashire",,UK,3,,,Chris Brown/Judy Whiting,,,
125,2019-05-18,,2019,May,3rd,Saturday,18,,Piney Grove,,Piney Grove Primitive Baptist Church,,Headland,AL,USA,1,"Hwy 173, 2 miles north of Headland",,Kathy Folsom,,,
126,2019-05-18,,2019,May,3rd,Saturday,18,,Washington Singing,,Washington United Methodist Church,,Washington,AR,USA,"1, 3",,,"P. Dan Brittain, Gaylon Powell",,,
127,2019-05-19,,2019,May,3rd,Sunday,19,,Cane Creek Church,9:30 a.m.,Cleburne County,,,AL,USA,3,"3.5 miles east of Heflin on U.S. Hwy. 78—33.685862,85.525712--one quarter mile south of intersection of US-78 and CR-66.",,David Brodeur,,,
128,2019-05-19,,2019,May,3rd,Sunday,19,,Concord Baptist Church,"12:00 Noon Dinner, singing at 1:00 p.m.",,,Calhoun County,MS,USA,3,West of Hwy. 32 at Ellard—In Ellard—Take County Road 238 west from Ellard to Concord. Cross Persimmon Bottom and continue up the hill to the church.,,,,,
129,2019-05-25,,2019,May,4th,Saturday,25,,Mount Pisgah Singing Society,9:00 a.m.,,31040 US Hwy 431,"Five Points, Chambers County",AL,USA,1,14 miles north of Lafayette and 7 miles south of Roanoke on U.S. Hwy. 431 at Stroud,,,,,
130,2019-05-25,,2019,May,4th,Saturday,25,,The Piccolo Spoleto Singing,10:00 a.m.,,,Charleston,SC,USA,3,"Gage Hall, 4 Archdale Street",,Michael Walker,,,
131,2019-05-25,,2019,May,4th,Saturday,25,,Gum Pond Singing,9:45 a.m.,Gum Pond Primitive Baptist Church,2086 Gum Pond Rd.,"Eva, (Morgan County)",AL,USA,3,,Singing moved from Sunday,Judy Caudle,,,
132,2019-05-25,,2019,May,4th,Saturday and Sunday,"25,26",,Midwest Convention,"9:30 a.m.-3:00 p.m., both days",,,Chicago,IL,USA,3,,,Randy Neufeld & Susan Geil or www.chicagosingings.org,,,
133,2019-05-25,,2019,May,4th,Saturday and Sunday,"25,26",,John Merritt Memorial Singing,,Old Courthouse Museum,1008 Cherry Street,Vicksburg,MS,USA,"3, 9, 1, 2",,,Mark Davis or Henry McGuire,,,
134,2019-05-25,,2019,May,4th,Saturday and Sunday,"25,26",,Germany Sacred Harp Convention,10:30 a.m.,,,Cologne,,Germany,3,,,"Dominik Fraune, dominikfraune@gmail.com",,,
135,2019-05-25,,2019,May,4th,Saturday and Sunday,"25,26",,The Big Singing,10:00 a.m.,Marshall County Courthouse on the Square,,Benton,KT,USA,"3, 8",,,Tim Reynolds,,,
136,2019-05-26,,2019,May,4th,Sunday,26,,Rocky Mount Homecoming/Hillabee Sacred Harp Convention,,Rocky Mount Primitive Baptist Church,,"Daviston, Tallapoosa County",AL,USA,3,,,,,,
137,2019-05-26,,2019,May,4th,Sunday,26,,Beda Church Singing,,,"20 miles southwest of Andalusia, Alabama, on Hwy 137 north of Wing",,AL,USA,1,"20 miles southwest of Andalusia, Alabama, on Hwy 137 north of Wing, Alabama",,Ken Kelley,,,
138,2019-05-27,,2019,May,4th,Monday,27,Memorial Day,Jack C. Smith Memorial Singing,10:00 a.m.-3:00 p.m.,Oakhurst Baptist Church,222 East Lake Drive,Decatur,GA,USA,3,,,John Plunkett,,,
139,2019-06-01,,2019,Jun,1st,Saturday,1,,Lamar and Pickens County Convention,,Zion Primitive Baptist Church,,Pickens County,AL,USA,3,,,,,,
140,2019-06-01,,2019,Jun,1st,Saturday,1,,Shaker Meetinghouse and Francis Bliss Memorial singing,,Sabbathday Lake Shaker Village Meetinghouse,,New Gloucester,ME,USA,3,,,Barb Ames,,,
141,2019-06-01,,2019,Jun,1st,Saturday,1,,Shady Grove,,Shady Grove Primitive Baptist Church,,Elba,AL,USA,1,approximately 7 miles north of Elba on Hwy 87 just past CR315 (dirt road circles back to Hwy 87). Church is on left going north,,Chip Westbrook,,,
142,2019-06-01,,2019,Jun,1st,Saturday,1,,Newcastle upon Tyne Singing,10:00 a.m.,"St. Bartholomew’s Church Hall, Station Road",,"Benton, Newcastle upon Tyne",,UK,3,,Singing held on Saturday following the last Monday in May,Phil and Cath Tyler,,,
143,2019-06-01,,2019,Jun,1st,Saturday and Sunday,"1,2",,Northern Shenandoah Valley Double All-Day Singing,10:00 a.m.,Charles Washington Hall,204 N. George St (12 miles north of Berryville VA),Charles Town,WV,USA,"3, 5",,,"John delRe or Kelly Macklin, singing from The Sacred Harp, 1991 Edition on Saturday; singing from The Shenandoah Harmony on Sunday",,,
144,2019-06-01,,2019,Jun,1st,Saturday and Sunday,"1,2",,Holly Springs Primitive Baptist Church,9:30 a.m.,,,"Near Bremen, Carroll County",GA,USA,3,,,Phillip Langley,,,
145,2019-06-01,,2019,Jun,1st,Saturday and Sunday,"1,2",,Oslo Sacred Harp Singing,Saturday 10:30 a.m.-4:00 p.m.—Sunday noon-3:30 p.m.,,Uranienborgveien 2 (Yellow house behind the castle),Oslo,,Norway,3,Singing school on Friday evening—Location to be announced,,Camilla Marie Widholm or Oskar Kvasnes,,,
146,2019-06-02,,2019,Jun,1st,Sunday,2,,Hill Roane Memorial,,Sherman Baptist Church,,Calhoun County,MS,USA,3,"On Hwy. 32, 10 miles west of Bruce—Dutch treat: singers bring lunch.",,,,,
147,2019-06-02,,2019,Jun,1st,Sunday,2,,Liberty Decoration Day Singing,9:30 a.m.,Liberty Church,,Henagar (DeKalb County),AL,USA,3,,,David Ivey,,,
148,2019-06-02,,2019,Jun,1st,Sunday,2,,Homecoming Singing,,Shady Hill Church,,Andalusia,AL,USA,1,,,Edd Bass,,,
149,2019-06-08,,2019,Jun,2nd,Saturday,8,,Albany NY All-Day Singing,10:00 a.m.,Old Songs Center,37 S. Main St.,Voorheesville,NY,USA,3,,,"Tarik Wareh, albanysacredharp.org",,,
150,2019-06-08,,2019,Jun,2nd,Saturday,8,,Raymond Hamrick Memorial Georgian Harmony Singing,,Roberta Civic Center,South Matthews Street,Roberta,GA,USA,3,,,John Plunkett,,,
151,2019-06-08,,2019,Jun,2nd,Saturday and Sunday,"8,9",,Hopewell Homecoming,9:00 a.m.,Hopewell Primitive Baptist Church,3596 Airport Road,"Altoona, Blount County",AL,USA,3,,,Nate Green,,,
152,2019-06-09,,2019,Jun,2nd,Sunday,9,,June Singing,10:00 a.m.,Alpharetta City Hall Building,2 Park Plaza,Alpharetta,GA,USA,3,"from Atlanta, exit GA400 North at Haynes Bridge—turn left—go to Old Milton Parkway—turn left—turn right on GA9—City Hall/Courthouse ¼ mile on right",,Helen Bryson,,,
153,2019-06-09,,2019,Jun,2nd,Sunday,9,,Oak Springs Church,"Dinner at noon, singing at 1:00 p.m.",,,Calhoun County,MS,USA,3,3 miles north of Derma,,,,,
154,2019-06-09,,2019,Jun,2nd,Sunday,9,,Aldridge Memorial,,Pleasant Hill Church (Johnson Schoolhouse),,Fayette County,AL,USA,3,,,"Elene Stovall, Bridgett Kennedy, or Joan Aldridge",,,
155,2019-06-09,,2019,Jun,2nd,Sunday-Thursday,9-13,,"Camp Fasola, Adult Session","Registration on Sunday at 4:00 p.m. Camp Ends Thursday at 8:30 a.m. Community Singing (all are invited) on Wed., June 12th, 7:00 p.m.",Camp McDowell,,Double Springs,AL,USA,3,,,David Ivey http://fasola.org/camp,,,
156,2019-06-13,,2019,Jun,3rd,Thursday-Saturday,13-15,,National Sacred Harp Singing Convention,9:30 a.m.,"Birmingham Square Dance Association, Friendship Hall",,Fultondale,AL,USA,3,,,Mark Davis,,,
157,2019-06-15,,2019,Jun,3rd,Saturday,15,,"Moore, Graves, and Calvert Memorial",,Addington Chapel Methodist Church,,Cullman County,AL,USA,3,"from I-65 take exit 299-go south on Hwy 69 toward Jasper approximately 10.8 miles-turn right onto County Road 59-go 1.5 miles, church will be on your right.",,,,,
158,2019-06-15,,2019,Jun,3rd,Saturday,15,,Exeter All Day Singing,,Exeter Friends Meetinghouse,,"Exeter Township, Berks County",PA,USA,3,U.S. 422 to Baumstown—Continue past homestead 1 mile to Meetinghouse Road—Left on Meetinghouse Road 0.2 miles to Meetinghouse on right,Set date of Saturday before the third Sunday in June,Ted Stokes,,,
159,2019-06-15,,2019,Jun,3rd,Saturday,15,,Mt. Adams All-Day Singing,,The Trout Lake Grange Hall,2390 Highway 141,Trout Lake,WA,USA,3,"Take I84 east, cross the river at Hood River, drive north on Hwy. 141 about 25 minutes—Friday night social in Trout Lake",,Melissa Stephenson,,,
160,2019-06-15,,2019,Jun,3rd,Saturday,15,,Leeds All-Day Singing,,South Parade Baptist Church,Kirkstall Lane,"Headingley, Leeds",,UK,3,,,Arja and John Copperwheat,,,
161,2019-06-15,,2019,Jun,3rd,Saturday,15,,Clermont-Ferrand Singing,,,,,Paris,France,3,,Friday night Singing School;  Saturday Singing; Sunday informal singing lunch,"Frederic Eymard, frederic.eymard@gmail.com",,,
162,2019-06-16,,2019,Jun,3rd,Sunday,16,,Zion Hill Memorial Singing,10:00 a.m.,Zion Hill Missionary Baptist Church,,Brachfield (Rusk County),TX,USA,1,About 12 miles southeast of Henderson—Take Farm to Market Road 840 toward Brachfield from Henderson—Turn right at the Welch Cemetery on County Road 368—Church is on the left,Always held on Father’s Day,Robert Vaughn,,,
163,2019-06-16,,2019,Jun,3rd,Sunday,16,,Hopewell Primitive Baptist Church,10:00 a.m.,,"2277 Hopewell Road, 2 miles east of Ephesus, off State Route 100",Heard County,GA,USA,3,,,Karen Rollins,,,
164,2019-06-16,,2019,Jun,3rd,Sunday,16,,Clifford Wakefield Memorial,,King School House (Mt. Vernon Baptist Church),,Winston County,AL,USA,3,,,,,,
165,2019-06-16,,2019,Jun,3rd,Sunday,16,,Macedonia Primitive Baptist Church,10:00 a.m.,,,Macedonia Community (Jackson County),AL,USA,3,4 miles south of Section—7 miles northwest of Fyffe on county road to Section,,Dennis George,,,
166,2019-06-16,,2019,Jun,3rd,Sunday,16,,Pleasant Home Baptist Church,9:30 a.m.,,6107 Eagle Road,Andalusia,AL,USA,1,,,Ken Kelley,,,
167,2019-06-22,,2019,Jun,4th,Saturday,22,,Salem United Methodist Church Singing,9:30 a.m.,,Near Cedar Bluff,Cherokee County,AL,USA,3,"On Alabama Highway 9 between Cedar Bluff, Alabama and the Georgia state line—7 miles from Cedar Bluff and 1 mile from the Georgia line",,Henry Johnson,,,
168,2019-06-22,,2019,Jun,4th,Saturday,22,,The Kermit and Steve Adams Memorial,,Shady Grove Primitive Baptist Church,,Winston County,AL,USA,3,,,,,,
169,2019-06-22,,2019,Jun,4th,Saturday,22,,Oxford Sacred Harp Singing,10:00 a.m.,Women’s Institute Hall,,"Botley, Oxford",,England,3,,,Edwin/Sheila Macadam,,,
170,2019-06-23,,2019,Jun,4th,Sunday,23,,DeLong-Roberts Memorial Singing,10:00 a.m.,Big Creek Primitive Baptist Church,4490 State Bridge Way,Alpharetta,GA,USA,3,Exit GA400 N at exit 10—Go east for 2.6 miles—turn left at traffic light on to Kimbell Bridge Road (past Chick Fil’a)—take second left into parking lot,,Jesse Roberts,,,
171,2019-06-23,,2019,Jun,4th,Sunday,23,,New Hope Church,,,,Cullman County,AL,USA,3,"Five miles south of Jones Chapel off Hwy. 278, turn south onto County Road 940—Church is on the right",,,,,
172,2019-06-23,,2019,Jun,4th,Sunday,23,,Mt. Lebanon Baptist Church,,,,Fayette County,AL ,USA,3,,,,,,
173,2019-06-30,,2019,Jun,5th,Sunday,30,,Mount Pisgah,,,,Sylvester (Worth County),GA,USA,3,10 miles southwest of Sylvester—From I-75—Take Hwy. 112 to Ashburn and through Sylvester—Turn left on Evergreen/Doerun Road—Go 5.5 miles—Church on right,Always the second fifth Sunday each year,Tim Meeks,,,
174,2019-06-30,,2019,Jun,5th,Sunday,30,,Alabama Bicentennial Sacred Harp Singing,9:30 a.m.,,,Birmingham,AL,USA,3,,,David Ivey,,,
175,2019-06-30,,2019,Jun,5th,Sunday,30,,"Old Chicora,(Hillsborough County)",,Bethlehem Primitive Baptist Church,17385 Bethlehem Rd,Lithia,FL,USA,1,,Fifth Sundays,Skylar Strickland or Janice Clenney,,,
176,2019-07-01,,2019,Jul,1st,Monday,1,,Independence Day Singing,9:00 a.m. CT,"Camp Lee, Lakeview Lodge",,Anniston,AL,USA,3,"from I20, exit 188, turn north to Choccolocco Road turn right, go 2.2 mi. Sign for camp on the left—Lunch is Dutch Treat $8.00 each",,,,,
177,2019-07-01,,2019,Jul,1st,Monday-Friday,1-5,,Camp Fasola (Youth Session),"Community Singing (all are invited) on Thurs., July 4th, 7:00 p.m.—Camp ends Friday July 5th at 9:00 a.m.",Camp Lee,,Anniston,AL,USA,3,,,David Ivey / http://fasola.org/camp,,,
178,2019-07-04,,2019,Jul,1st,Thursday-Saturday,"4,5,6",,Mountain View Shape Note Gathering,,"Thursday, Friday: Ozark Folk Center State Park Auditorium. Saturday-Old Mountain View High School",,Mountain View,AR,USA,"3, 2, 12",,"Held on Thursday evening, Friday, and Saturday following July 4","Dan Brittain, Gaylon Powell
Thursday evening-The Ozark Folk Center State Park Auditorium (Introduction). Friday-Ozark Folk Center White Oak Theater Stage (Singing and Teaching Seminar). Saturday-Old Mountain View High School, Mountain View, Arkansas (Singing from The Sacred Harp, 1991 Edition, Missouri Harmony, and Christian Harmony).",,,
179,2019-07-06,,2019,Jul,1st,Saturday,6,,Pioneer Valley Singing,10:00 a.m.-4:00 p.m.,First Congregational Church Chapel,,Sunderland,MA,USA,3,,,www.wmshc.org or Linda Shea,,,
180,2019-07-06,,2019,Jul,1st,Saturday,6,,Lewes Sacred Harp Singing Day,10:00 a.m.,"South Malling Parish Church, Church Lane",,"Lewes, E. Sussex",,UK,3,,,Rachel Jordan,,,
181,2019-07-06,,2019,Jul,1st,Saturday and Sunday,"6,7",,Henagar-Union Convention,Saturday 9:00 a.m. and Sunday 9:30 a.m.,Liberty Church,,DeKalb County,AL,USA,3,Two miles north of Henagar,,David Ivey,,,
182,2019-07-13,,2019,Jul,2nd,Saturday,13,,Flat Shoals Primitive Baptist Church Singing,,Flat Shoals Primitive Baptist Church,2052 Fairview Road,Stockbridge,GA,USA,3,,,Jesse Roberts,,,
183,2019-07-13,,2019,Jul,2nd,Saturday,13,,Victoria All-Day Singing,,Dickson Street Space,35-39 Dickson Street,"Newtown, Sydney, New South Wales",,Australia,3,,,Elaena Gardner / sydneyshapenote@gmail.com,,,
184,2019-07-13,,2019,Jul,2nd,Saturday,13,,Scotland Singing,,,,Edinburgh,,Scotland,3,,singing will rotate between Edinburgh and Glasgow,shapenotesscotland@gmail.com,,,
185,2019-07-13,,2019,Jul,2nd,Saturday and Sunday,"13,14",,Cullman County Singing Convention,9:30 a.m.,Cullman County Courthouse,,Cullman,AL,USA,3,,,,,,
186,2019-07-14,,2019,Jul,2nd,Sunday,14,,Hardeman Primitive Baptist Church,Preaching at 10:30 a.m.—Lunch at 12:15—Singing 1:15 p.m.,Hardeman Primitive Baptist Church,,Decatur (DeKalb County),GA,USA,9,,,,,,
187,2019-07-14,,2019,Jul,2nd,Sunday,14,,Rutherford Memorial,,Union Hill Singing Hall,Millers Crossroads,Bonifay,FL,USA,1,,,Russ Scholz,,,
188,2019-07-18,,2019,Jul,3rd,Thu,18,,Capitol City Shape Note Singing,9:30 a.m.,Loeb Reception Center (near Kiwanis Park),310 Columbus Ave.,Montgomery,AL,USA,3,Sponsored by the Alabama Center for Traditional Culture——Bring a sack lunch for the noon lunch break,Always held on the third Thursday in July,Joey Brackner,,,
189,2019-07-19,,2019,Jul,3rd,Friday and Saturday,"19,20",,Quebec Convention,Friday evening 7-9 p.m. and Saturday 10:00 a.m.,"Friday,  St. Georges Anglican Church, Lennoxville, Quebec.  Saturday,  Ways Mills Community Hall",,"Barnston-Quest, Quebec",,CA,3,,Friday and Saturday before the third Sunday in July,Chuck Neville,,,
190,2019-07-19,,2019,Jul,3rd,Saturday,20,,Walker County Convention,,Boldo United Methodist Church,55 Gray Street,Boldo,AL,USA,3,,,Glenn Keeton,,,
191,2019-07-20,,2019,Jul,3rd,Saturday,20,,Spivey Hall Singing,,"Spivey Hall, Clayton College and State University",,Morrow,GA,USA,3,,,,,,
192,2019-07-20,,2019,Jul,3rd,Saturday,20,,Michiana Singing,9:30 a.m.,Fairview Grange,22482 County Road 45,Goshen,IN,USA,3,Wilden Avenue in Goshen is County Road 45. Fairview Grange is in Dunlap 0.7 miles southeast of Ox Bow Park.,,Samuel Sommers,,,
193,2019-07-20,,2019,Jul,3rd,Saturday,20,,Melbourne All-Day Singing,,,,Melbourne,,Australia,3,,,Shawn Whelan/Natalie Sims/sacred_harp@yahoo.com.au,,,
194,2019-07-20,,2019,Jul,3rd,Saturday and Sunday,"20,21",,Rocky Mountain Convention,9:00 a.m.,Highland Recreation Center,2880 Oseola St.,Denver,CO,USA,"1, 3",,Third Sunday and Saturday before in July,"Corrie Van Duzer, Saturday, The Sacred Harp, 1991 Edition, Sunday, Cooper Book  ",,,
195,2019-07-20,,2019,Jul,3rd,Saturday and Sunday,"20,21",,Gwehelog Singing Weekend,10:00 a.m.,Gwehelog Methodist Chapel,,nr Usk,,UK,"2, 3",,Third Sunday and Saturday before in July,"bristolsacredharp.org, Saturday, The Sacred Harp, 1991 Edition, Sunday, Christian Harmony ",,,
196,2019-07-21,,2019,Jul,3rd,Sunday,21,,Kalamazoo Singing,9:30 a.m. EDT,Oshtemo Grange Hall,3234 North 3rd Street,Kalamazoo,MI,USA,3,"Located at the northeast corner of 3rd Street and H Avenue, northwest of Kalamazoo",,Bill/Martha Beverly,,,
197,2019-07-21,,2019,Jul,3rd,Sunday,21,,"Chafin, Harbinson, Hollis Memorial Singing",,New Prospect Church,,"Near Bremen, Cullman County",AL,USA,3,"From Cullman, Take Hwy. 69 south—Go past landfill—Take County Road 8 south—Go 1 mile (First paved road)—Take left and go 0.6 miles.",,,,,
198,2019-07-21,,2019,Jul,3rd,Sunday,21,,The Singing At Muscadine,9:30 a.m.,Muscadine Methodist Church,Corner of County Road 267 and County Road 49,Muscadine,AL,USA,3,,,Cecil Roberts,,,
199,2019-07-26,,2019,Jul,4th,Friday-Sunday,"26,27,28",,Maine Singing Weekend,"Friday night 6:00 p.m., Saturday 10:00 a.m., Sunday 10:00 a.m.","Friday night, Bristol Mills, Maine, Saturday and Sunday, Union Town House",,,ME,USA,"1, 3, 10",,,"maineshapenotesinging.org, Friday night, Cooper Book, Saturday,  The Sacred Harp, 1991 edition, Sunday, DH Mansfield American Vocalist",,,
200,2019-07-27,,2019,Jul,4th,Saturday,27,,Cotaco Convention,10:00 a.m.,Gum Pond Primitive Baptist Church,2086 Gum Pond Rd.,Eva (Morgan County)  ,AL,USA,3,,,Judy Caudle,,,
201,2019-07-27,,2019,Jul,4th,Saturday,27,,Swannanoa Gathering Singing,10:00 a.m.,Warren Wilson College,,Swannanoa,NC,USA,"3,2,8",,Coincides with summer programs at college.  Be sure to check listings for date changes.,Sarah Kehrberg,,,
202,2019-07-28,,2019,Jul,4th,Sunday,28,,Mt. Zion Memorial,10:00 a.m.,Mt. Zion United Methodist Church,,Mt. Zion (Carroll County),GA,USA,3,8.5 miles west of Carrollton on Hwy. 16—Behind school,,,,,
203,2019-08-03,,2019,Aug,1st,Saturday,3,,Lunsford and Jolly Memorial,,Christ Lutheran Church,"4761 Cass Street, Pacific Beach",San Diego,CA,USA,3,,,Mairye Bates,,,
204,2019-08-03,,2019,Aug,1st,Saturday,3,,Eugene Singing,9:30 a.m.,,,Eugene,OR,USA,3,,First Saturday in August,Karen Stingle,,,
205,2019-08-03,,2019,Aug,1st,Saturday and Sunday,"3,4",,Chattahoochee Sacred Harp Convention,9:30 a.m.,Wilson’s Chapel,,Southeast of Carrollton (Carroll County),GA,USA,3,"From the southeastern section of 166 (Carrollton bypass) turn south on OLD Newnan Road, at fork, bear left onto Cross Plains Rd—at three way intersection, bear right onto dirt road, Chapel on left.—From Alabama—Exit I20 at US Hwy 27, turn right, go about 10 miles, turn left at light onto Linda Lane, continue several miles until light at Old Newnan Road, turn left, after passing Cross Plains on right, keep straight after sharp curve, Chapel on left",,John Plunkett,,,
206,2019-08-04,,2019,Aug,1st,Sunday,4,,Fayette County Convention,9:30 a.m.,Mt. Lebanon Baptist Church,,Fayette County,AL,USA,3,,,,,,
207,2019-08-04,,2019,Aug,1st,Sunday,4,,Bulgar-Cockcroft Memorial,,Red Oak Church,Hwy 55,between Andalusia and Florala,AL,USA,1,,,Billy Kelley,,,
208,2019-08-10,,2019,Aug,2nd,Saturday,10,,Calhoun County Convention,9:30 a.m.,Bethel Primitive Baptist Church,Highway 9,one mile north of Bruce,MS,USA,3,—church is on the right.,,,,,
209,2019-08-10,,2019,Aug,2nd,Saturday,10,,East Kentucky All-Day Singing,10:00 a.m.,Calvary Campus,31 Stuart Robinson Road,Letcher,KT,USA,3,"from Hwy 15, turn on to Route 7 South at Isom and drive about 10 minutes—Calvary Campus is on the right",,Ben Fink,,,
210,2019-08-10,,2019,Aug,2nd,Saturday,10,,Ann Sleeva Memorial Cooper Book Singing,10:00 a.m.,,,Chicago,IL,USA,1,,,chicagosingings.org,,,
211,2019-08-10,,2019,Aug,2nd,Saturday,10,,Winchester Singing,,,,"Winchester, Hampshire",,UK,3,,,ukshapenote.org.uk/,,,
212,2019-08-10,,2019,Aug,2nd,Saturday and Sunday,"10,11",,East Texas Sacred Harp Convention,,Henderson Civic Center,1500 Lake Forest Parkway,Henderson (Rusk County),TX,USA,1,,,Robert Vaughn,,,
213,2019-08-17,,2019,Aug,3rd,Saturday,17,,Cooper Book Singing,,Ramah Primitive Baptist Church,County Hwy. 6,Lenox (Conecuh County),AL,USA,3,"On County Hwy. 6, about 4 miles west of I-65 near Lenox",,Hubert Nall,,,
214,2019-08-17,,2019,Aug,3rd,Saturday,17,,B.M. Smith Memorial Singing,10:00 a.m.,Rome-Midway Primitive Baptist Church,"5585 Martha Berry Hwy, NE",Armuchee,GA,USA,3,Eight miles north of Rome on US 27,,Hayden Arp,,,
215,2019-08-17,,2019,Aug,3rd,Saturday,17,,Central New Jersey Singing (formerly Princeton All-Day Singing),,Reformed Church of Highland Park,19 S. 2nd Ave.,Highland Park,NJ,USA,3,,,Leon Pulsinelle,,,
216,2019-08-17,,2019,Aug,3rd,Saturday,17,,Mt. Rainier Singing,,Buckley Hall,127 N. River Ave. (between Main St. and Cottage St.),Buckley,WA,USA,1,,,Karen Willard,,,
217,2019-08-18,,2019,Aug,3rd,Sunday,18,,Willard Birthday Singing,,Buckley Hall,127 N. River Ave. (between Main St. and Cottage St.),Buckley,WA,USA,3,,,Karen Willard,,,
218,2019-08-18,,2019,Aug,3rd,Sunday,18,,Cleburne County Convention,9:30 a.m.,Edwardsville Baptist Church,,Edwardsville (Cleburne County),AL,USA,3,,,Cecil Roberts,,,
219,2019-08-18,,2019,Aug,3rd,Sunday,18,,"Emma Beasley, Belton Beasley, and Phillip Lee, III Memorial",,Concord Primitive Baptist Church,575 County Hwy 173,Winfield (Marion County),AL,USA,3,,,Marlin Beasley,,,
220,2019-08-18,,2019,Aug,3rd,Sunday,18,,Cedar Creek Singing,,Mt. Pisgah Primitive Baptist Church,1753 Evergreen Rd.,Sylvester,GA,USA,3,,,Tim Meeks,,,
221,2019-08-24,,2019,Aug,4th,Saturday,24,,Palo Alto Singing,,UU Church of Palo Alto,505 E. Charleston Rd.,Palo Alto,CA,USA,3,,,Dan Harper,,,
222,2019-08-24,,2019,Aug,4th,Saturday,24,,Cork All-Day Singing,,St. Fin Barre's Cathedral Hall,Dean Street,Cork,,Ireland,3,,,corksacredharp@gmail.com,,,
223,2019-08-24,,2019,Aug,4th,Saturday and Sunday,"24,25",,Central Ontario Convention,9:30 a.m. EDT,Saturday: Friends House / Sunday: Detweiler Meeting House,Saturday: 60 Lowther Ave. / Sunday: 3445 Roseville Rd.,Saturday: Toronto / Sunday: North Dumfries Township (near Kitchener/Waterloo),ON,Canada,3,,,"Pleasance Crawford, Jan May or Frank Griggs. Also torontoshapenote.org",,,
224,2019-08-24,,2019,Aug,4th,Saturday and Sunday,"24,25",,Mississippi State Convention,9:30 a.m.,Antioch Primitive Baptist Church,,near Forest (Scott County),MI,USA,"3, 1, 9, 2",,,Mark Davis,,,
225,2019-08-24,,2019,Aug,4th,Saturday and Sunday,"24,25",,Lookout Mountain Convention,9:30 a.m.,Pine Grove Church,,near Collinsville (DeKalb County),AL,USA,3,,,Rodney Ivey,,,
226,2019-08-31,,2019,Sep,1st,Saturday,31,,New Providence Primitive Baptist Church,,New Providence Primitive Baptist Church,,Ringgold,LA,USA,"3, 1",,,Robert Vaughn,,,
227,2019-08-31,,2019,Sep,1st,Saturday,31,,Georgian Harmony Singing,,Roberta Civic Center,South Matthews St.,Roberta,GA,USA,3,,,John Plunkett or Oscar McGuire,,,
228,2019-08-31,,2019,Sep,1st,Saturday,31,,Maidencreek Friends Meetinghouse,,Maidencreek Friends Meetinghouse,,near Leesport (Berks County),PA,USA,3,,Saturday of Labor Day Weekend,Ted Stokes,,,
229,2019-08-31,,2019,Sep,1st,Saturday,31,,Covington County Convention,,Pleasant Home Baptist Church,County Road 14 (Eagle Rd.),Andalusia,AL,USA,1,Singing held at various locations,,Wayne Jones,,,
230,2019-09-01,,2019,Sep,1st,Sunday,1,,Fox Valley Folk Festival Singing,11:30 a.m.,Island Park,,Geneva,IL,USA,3,,Always the Sunday before Labor Day,chicagosingings.org,,,
231,2019-09-01,,2019,Sep,1st,Sunday,1,,Clear Creek West Convention/Mulberry River Convention,9:30 a.m.,County Line Church,,Jefferson County,AL,USA,3,"Convention held in even years at Pleasant Hill Church (Johnson Schoolhouse), Fayette County, Alabama +, and in odd years at County Line Church, Jefferson County, Alabama +",,Danny Creel or Elene Stovall,,,
232,2019-09-01,,2019,Sep,1st,Sunday,1,,Shiloh-Littlevine Singing,10:00 a.m.,Shiloh Primitive Baptist Church,off Highway 100,south of Tallapoosa,GA,USA,3,From I-20—Take Exit #5 and go South on Hwy 100—1.4 miles to Shiloh Church Road—Turn right—0.8 miles to church,,,,,
233,2019-09-01,,2019,Sep,1st,Sunday,1,,Haynes Creek Church,,Haynes Creek Church,,Rockdale County,GA,USA,3,"10 miles north of Conyers on state Hwy. 20—Turn left on Rosebud Road, approximately 3 miles, church is on left.",,,,,
234,2019-09-02,,2019,Sep,2nd,Monday,2,Labor Day,Shoal Creek Church,9:30 a.m.,Shoal Creek Church,Talladega National Forest,near Edwardsville (Cleburne County),AL,USA,3,"From West to East: Take Hwy. 78 east to Heflin and then into Edwardsville—Go through Edwardsville, just past mile marker 183, and turn north onto County Road 61 which is directly across the road from the volunteer fire department. There is a sign for Talladega National Forest—Go 5.6 miles, cross the creek, go 0.4 miles and look for a sign for the church. Turn right at the church sign onto a dirt road leading to the church",,Cecil Roberts or Virginia Dyer,,,
235,2019-09-07,,2019,Sep,2nd,Saturday,7,,Cooper Book Singing,,Little Flock Church,3218 Molino Rd.,Molino,FL,USA,3,l.5 miles West of US Hwy. 29,,Hubert Nall,,,
236,2019-09-07,,2019,Sep,2nd,Saturday,7,,Greenville-Pioneer Day Sacred Harp Singing,10:00 a.m.-3:00 p.m.,The Church of Greenville,212 E. Standing Springs Rd.,Simpsonville 29680,SC,USA,3,,Saturday before the Second Sunday in September,Leon Carnell,,,
237,2019-09-07,,2019,Sep,2nd,Saturday,7,,Cape Meares Singing,,Community Schoolhouse,,Cape Meares,OR,USA,3,,Saturday following Labor Day,Betsy Jeronen,,,
238,2019-09-07,,2019,Sep,2nd,Saturday,7,,Rivanna River Sacred Harp Singing,10:00 a.m.,Friends Meeting House,1104 Forest St.,Charlottesville,VA,USA,3,,,john@virginia.edu,,,
239,2019-09-07,,2019,Sep,2nd,Saturday and Sunday,"7,8",,United Sacred Harp Musical Association (United Sacred Harp Singing Convention),,"Performing Arts Studio, Emory University",1804 North Decatur Rd.,Atlanta 30322,GA,USA,3,,,Nathan Rees/Lela Crowder/Phillip Langley/Jesse P. Karlsberg/Angela Myers,,,
240,2019-09-07,,2019,Sep,2nd,Saturday and Sunday,"7,8",,Sacred Harp Workshop and Singing,,,,Uppsala,,Sweden,3,,,Zack Lindahl,,,
241,2019-09-14,,2019,Sep,3rd,Saturday,14,,New York City All Day Singing,9:30 a.m.,Location TBA,,New York,NY,USA,3,,,Aldo Ceresa,,,
242,2019-09-14,,2019,Sep,3rd,Saturday,14,,Lee Rogers Memorial Singing,10:00 a.m.,Home of John and Elsie Hollingsworth,1574 Adams Clarke Rd.,Commerce,GA,USA,2,,,John Hollingsworth,,,
243,2019-09-14,,2019,Sep,3rd,Saturday,14,,Illinois State Convention,,Texas Christian Church,8301 Texas Church Rd.,between Clinton and Decatur,IL,USA,3,,Saturday before the third Sunday in September,Mark Graber or Terry Hogg,,,
244,2019-09-14,,2019,Sep,3rd,Saturday,14,,Middle Creek Convention,,Pleasant Grove Primitive Baptist Church,,Ozark,AL,USA,1,,,Tommie Spurlock or Stanley Smith,,,
245,2019-09-14,,2019,Sep,3rd,Saturday,14,,Santa Cruz Singing,,Garfield Park Community Church,111 Errett Circle,Santa Cruz,CA,USA,3,,,"Ed Rice, edsrice@gmail.com",,,
246,2019-09-14,,2019,Sep,3rd,Saturday and Sunday,"14,15",,United Kingdom Sacred Harp Convention,,Trinity Centre,Trinity Rd.,Bristol,,England,3,,,www.ukshc.org,,,
247,2019-09-15,,2019,Sep,3rd,Sunday,15,,Cornelius Benjamin Keeton and Travis Keeton Memorial Singing,10:00 a.m.,Shady Grove (Keeton Cemetery),141 Keeton Ln.,Nauvoo (Walker County),AL,USA,3,,,,,,
248,2019-09-15,,2019,Sep,3rd,Sunday,15,,J.L. White Sacred Harp Singing,10:00 a.m.,Hardeman Primitive Baptist Church,3965 Glenwood Rd.,Decatur,GA,USA,9,,,John Plunkett or Sandra Wilkinson,,,
249,2019-09-15,,2019,Sep,3rd,Sunday,15,,Smyrna Annual Sacred Harp Singing,10:00 a.m.,Smyrna Primitive Baptist Church,,Goodwater,AL,USA,3,"—From Hwy. 9, turn east in Goodwater on Hackneyville Road—Go approximately 5 miles to County Road 83, turn right (church sign there). Go approximately 0.25 miles, church is on left",,Jack Nelson,,,
250,2019-09-21,,2019,Sep,4th,Saturday,21,,Gum Pond Primitive Baptist Church,10:00 a.m.,Gum Pond Primitive Baptist Church,2086 Gum Pond Rd.,Eva (Morgan County),AL,USA,3,,,Judy Caudle,,,
251,2019-09-21,,2019,Sep,4th,Saturday,21,,West Florida Convention,,Union Hill Singing Hall,"Hwy 177, Millers Crossroads",Bonifay,FL,USA,1,"Hwy 177, 9 miles from Hwy 79, Millers Crossroads, Bonifay, Florida",,"Aubrey Barfield, taubrey1@cox.net",,,
252,2019-09-21,,2019,Sep,4th,Saturday and Sunday,"21,22",,Minnesota State Convention,9:30 a.m.,"Saturday Location TBA / Sunday: Shakopee, MN",,,MN,USA,3,,Fourth Sunday and Saturday before,"Matt Wells, fasolamatt@yahoo.com",,,
253,2019-09-21,,2019,Sep,4th,Saturday and Sunday,"21,22",,Alabama State Christian Harmony Convention,9:30 a.m.,Union Baptist Church,3351 Warrior Jasper Rd.,Warrior,AL,USA,3,I-65 to exit 282—Church is 7.6 miles west on Warrior-Jasper Road (approximately 5 miles east of Hwy 78,,Emily Creel,,,
254,2019-09-21,,2019,Sep,4th,Saturday and Sunday,"21,22",,Poland Convention,,,,Warsaw,,Poland,3,,,www.sacredharp86.org,,,
255,2019-09-22,,2019,Sep,4th,Sunday,22,,Winston County Convention,,Shady Grove Primitive Baptist Church,,Double Springs,AL,USA,3,,,,,,
256,2019-09-22,,2019,Sep,4th,Sunday,22,,Poplar Springs Primitive Baptist Church Singing,,Poplar Springs Primitive Baptist Church,Smithfield Rd.,near Bowdon,GA,USA,3,,,,,,
257,2019-09-28,,2019,Sep,5th,Saturday,28,,Mountain Heritage Day Singing,10:00 a.m.,"Administration Building, Western Carolina University",1 University Dr.,Cullowhee (Jackson County),NC,USA,"2,3",,Always the last Saturday in September,"Michael Nichols, mrnichol@frontier.com",,,
258,2019-09-28,,2019,Sep,5th,Saturday,28,,Young People’s Singing,9:30 a.m.,Cathedral Church of St. Mark,231 E 100 St.,Salt Lake City,UT,USA,3,,,Evelyn Lamb,,,
259,2019-09-28,,2019,Sep,5th,Saturday and Sunday,"28,29",,Union Musical Sacred Harp Convention,9:30 a.m.,Poplar Springs Primitive Baptist Church,Smithfield Rd.,near Bowdon,GA,USA,3,"Poplar Springs Primitive Baptist Church is north of Bowdon, Georgia.  From I-20 take exit 5 at Hwy 100, travel 7.2 miles south. Turn right onto Smithfield Rd. The church is on the right.",First Fifth Sunday and Saturday before after Labor Day,"Helen Bryson, Nathan Rees",,,
260,2019-09-28,,2019,Sep,5th,Saturday and Sunday,"28,29",,"Southwest Texas Convention, Fall Session",,,,Jarrell,TX,USA,1,,"Last fifth Sunday before Thanksgiving (August, September, or October)",Gaylon Powell,,,
261,2019-09-29,,2019,Sep,5th,Sunday,29,,Lacy Memorial Singing,9:30 a.m.,Fuller Cemetery,,Ider,AL,USA,3,Just off AL Hwy. 117—1 mile north from intersection of Alabama Highways. 117 and 75—Church is just west of AL Hwy. 117—Follow sign,First fifth Sunday after July 4th,Reba Windom,,,
262,2019-09-29,,2019,Sep,5th,Sunday,29,,"Old Chicora,(Hillsborough County)",,Bethel Primitive Baptist Church,17385 Bethlehem Rd.,Lithia,FL,USA,1,,Fifth Sundays,"Skylar Strickland, skyami89@gmail.com or Janice Clenney, jerilclenney@gmail.com",,,
263,2019-10-05,,2019,Oct,1st,Saturday,5,,Cooper Book Singing,9:30 a.m.,Shady Grove Baptist Church,,between Dutton and Section (Jackson County),AL,USA,3,,,Syble Adams,,,
264,2019-10-05,,2019,Oct,1st,Saturday,5,,Vancouver All-Day Singing,,Grandview Calvary Baptist Church,,Vancouver,BC,Canada,3,,,Kevin Beirne,,,
265,2019-10-05,,2019,Oct,1st,Saturday and Sunday,"5,6",,New England Convention,9:30 a.m.-3:30 p.m.,Location TBA,,,MA,USA,3,Hosted by Massachusetts Singers,First Sunday and Saturday before in October,info@neconvention.net,,,
266,2019-10-06,,2019,Oct,1st,Sunday,6,,South Georgia Sacred Harp Singing Convention,,Liberty Hill Community House,1696 Hwy. 36 E,Milner (Lamar County),GA,USA,3,,,Oscar McGuire,,,
267,2019-10-06,,2019,Oct,1st,Sunday,6,,"Alexander, Hullett, Lowe, Brothers, Wootten Memorial",,Hopewell Primitive Baptist Church,3596 Airport Rd.,Altoona (Blount County),AL,USA,3,,,Nate Green,,,
268,2019-10-12,,2019,Oct,2nd,Saturday,12,,Sydney All-Day Singing,,Location TBA,,Sydney,,Australia,3,,,sacredharpaustralia.com,,,
269,2019-10-12,,2019,Oct,2nd,Saturday,12,,Tallahassee Singing,9:30 a.m.,Tallahassee Museum of History and Natural Science,,Tallahassee,FL,USA,1,,,Alice/Tor Bejnar,,,
270,2019-10-12,,2019,Oct,2nd,Saturday,12,,Savannah All Day Singing,,Skidaway Island Presbyterian Church,50 Diamond Causeway,Savannah,GA,USA,3,,Saturday before the second Sunday,Gene Pinion,,,
271,2019-10-12,,2019,Oct,2nd,Saturday,12,,Columbia Singing,,Dripping Springs Christian Church,2701 Dripping Springs Rd.,Columbia,MO,USA,3,,,Wendy Hofmann or Lou/Penny Kujawinski,,,
272,2019-10-12,,2019,Oct,2nd,Saturday,12,,Taylor United Methodist Church,,Taylor United Methodist Church,,Taylor (Lafayette County),MI,USA,3,8 miles south of Oxford,,,,,
273,2019-10-12,,2019,Oct,2nd,Saturday,12,,Northwest Pennsylvania Singing,,First Universalist Church of Girard,107 Myrtle St.,Girard,PA,USA,3,,,Gerald Hoffman,,,
274,2019-10-12,,2019,Oct,2nd,Saturday,12,,Duluth Singing,10:00 a.m.,St. Paul's Episcopal Church,1710 E. Superior St.,Duluth,MN,USA,3,,,Bonnie Ambrosi,,,
275,2019-10-13,,2019,Oct,2nd,Sunday,13,,"Albright, Cates, Brown, and Sheppard Memorial",10:00 a.m. CT,Muscadine Methodist Church,21641 County Road 49,Muscadine,AL,USA,3,Take U.S. Hwy. 78 to Muscadine—Turn south on County Road 49—Go 1 mile—Church on right.,,,,,
276,2019-10-19,,2019,Oct,3rd,Saturday,19,,Tri-State Convention,9:00 a.m.,Location TBA,,,FL,USA,1,,,"Aubrey Barfield, Morgan Bunch, Mary Whitehurst, Russ Scholz
(Florida 2019), (Alabama 2020), (Georgia 2021)",,,
277,2019-10-19,,2019,Oct,3rd,Saturday,19,,Tennessee State Sacred Harp Singing,9:30 a.m.,,,Nashville,TN,USA,3,,,Ron Harper or Justin Bowen,,,
278,2019-10-19,,2019,Oct,3rd,Saturday and Sunday,"19,20",,New York State Convention,,,,Ithaca,NY,USA,3,,Third Sunday and Saturday before in October,Thom Metzger,,,
279,2019-10-19,,2019,Oct,3rd,Saturday and Sunday,"19,20",,"Pacific Northwest Convention, Oregon",9:00 a.m.-3:00 p.m.,Location TBA,,Portland,OR,USA,3,Saturday a.m. devoted to singing school. Regular singing Saturday afternoon and all day singing on Sunday,,poshchair@gmail.com,,,
280,2019-10-20,,2019,Oct,3rd,Sunday,20,,Andrew’s Chapel,,Andrew's Chapel,,Upson County,GA,USA,3,6.1 miles southeast of Thomaston on Hwy. 74—Turn right on the Rock Road to first stop sign—Bear left—1 mile to school—Bring covered dish.,,,,,
281,2019-10-20,,2019,Oct,3rd,Sunday,20,,Reid Memorial Singing,,County Line Church,,Jefferson County,AL,USA,3,,,,,,
282,2019-10-20,,2019,Oct,3rd,Sunday,20,,Rhodes Memorial,,Darien Church,,Luverne,AL,USA,1,,,,,,
283,2019-10-25,,2019,Oct,4th,Friday and Saturday,"25,26",,"Alaska Sacred Harp Convention-United Methodist Church, Sitka, Alaska",Friday evening and Saturday,,,,AK,USA,3,,,Kari Lundgren,,,
284,2019-10-26,,2019,Oct,4th,Saturday,26,,Seed and Feed Sacred Harp Singing,10:00 a.m.,Northlake Church of Christ,1625 Cooledge Rd.,Tucker 30084,GA,USA,3,,,"Jim Neal, Kelly Morris, Laura Akerman",,,
285,2019-10-26,,2019,Oct,4th,Saturday,26,,"Putnam, Light, and King Memorial",10:00 a.m.,Mt. Oak Methodist Church,,near Arab (Marshall County),AL,USA,3,"6 miles northwest of Arab—Turn west off Alabama Hwy 231 onto County Road 418 at Discount Warehouse Grocery, also called Ruth Eddy Road—Church is on the left.",,,,,
286,2019-10-26,,2019,Oct,4th,Saturday,26,,Bloomington All-Day Singing,10:00 a.m.,Fairview Methodist Church,600 West 6th St.,Bloomington,IN,USA,3,,,John Hoerr or William Shetter,,,
287,2019-10-26,,2019,Oct,4th,Saturday,26,,Northwest Arkansas Fall Singing,9:30 a.m.,Location TBA,,,AR,USA,3,,,"Holly Childs, Sydney Caldwell",,,
288,2019-10-26,,2019,Oct,4th,Saturday,26,,Newton Singing,10:00 a.m.,Church of the Redeemer,379 Hammond St.,Newton 02467,MA,USA,"11, 3",,,Sylvia Martin,,,
289,2019-10-26,,2019,Oct,4th,Saturday,26,,Spring Hill Convention,,Union Hill Singing Hall,Millers Crossroads,Bonifay,FL,USA,1,,,Aubrey Barfield,,,
290,2019-10-26,,2019,Oct,4th,Saturday and Sunday,"26,27",,London Singing,10:30 a.m.,"Sat.: Highgate United Reformed Church, Pond Square Chapel / Sun: Heath Street Baptist Church Basement",Sat.: South Grove / Sun.: 84 Heath Street,London,,England,"2, 3",,,"Michael Walker, Saturday: The Sacred Harp, 1991 Edition and Sunday: Christian Harmony",,,
291,2019-10-27,,2019,Oct,4th,Sunday,27,,Coweta County Courthouse Singing,10:00 a.m.,Coweta County Courthouse,72 Greenville St.,Newnan,GA,USA,3,,,John Plunkett,,,
292,2019-11-02,,2019,Nov,1st,Saturday,2,,Little Hope Primitive Baptist Church,,Little Hope Primitive Baptist Church,,near Huntington (Angelina County),TX,USA,1,4 miles on Farm to Market Road 1669 out of Huntington,,Burl Russell,,,
293,2019-11-02,,2019,Nov,1st,Saturday,2,,Velton Chafin Birthday Singing,,Liberty Church (McCormick),,Sumiton (Jefferson County),AL,USA,"1, 3",,,Velton Chafin,,,
294,2019-11-02,,2019,Nov,1st,Saturday,2,,Denney Memorial,10:00 a.m.,Emmaus Primitive Baptist Church,Oak Grove Church Rd.,Carrollton (Carroll County),GA,USA,3,"Take I-20 to Georgia, exit 11—U.S. Hwy. 27 south for about 13.5 miles—turn right on Oak Grove Road—Go about ½ miles—turn left on Oak Grove Church Road and go about ½ miles. Church is on the left",,Philip Denney,,,
295,2019-11-02,,2019,Nov,1st,Saturday,2,,Hyde Park Singing,9:30 a.m.-3:30 p.m.,57th Street Meeting of Friends,5615 S. Woodlawn,Chicago,IL,USA,3,"57th Street Meeting of Friends, 5615 S. Woodlawn",Always Saturday before the first Sunday in November,www.chicagosingings.org,,,
296,2019-11-02,,2019,Nov,1st,Saturday,2,,Sadsbury Cooper Book Singing,,Old Sadsbury Friends Meeting House,,Christiana,PA,USA,3,,,Laura Densmore,,,
297,2019-11-03,,2019,Nov,1st,Sunday,3,,Holly Springs Primitive Baptist Church,9:30 a.m.,Holly Springs Primitive Baptist Church,Holly Springs Rd.,near Bremen (Carroll County),GA,USA,3,,,Phillip Langley,,,
298,2019-11-03,,2019,Nov,1st,Sunday,3,,New Hope at Mt. Ebron Church Singing,10:00 a.m.,New Hope Missionary Baptist Church,,near Double Springs (Winston County),AL,USA,3,3 miles west of Double Springs on Hwy. 25—Double Springs to Lynn,,Richard Mauldin,,,
299,2019-11-03,,2019,Nov,1st,Sunday,3,,Southeast Convention,,Pleasant Grove (Carroll Church),1124 Co Rd 11,Ozark,AL,USA,1,,,Tommie Spurlock or Stanley Smith,,,
300,2019-11-09,,2019,Nov,2nd,Saturday,9,,Sally Coghlan Memorial Singing,9:00 a.m.,Davis United Methodist Church,1620 Anderson Rd.,Davis 95616,CA,USA,3,,Saturday before the second Sunday in November,Patrick Coghlan,,,
301,2019-11-09,,2019,Nov,2nd,Saturday,9,,Johnny Lee and Kelly Day Memorial Cooper Book Singing,,,2403 W 300 N,Camden 46917,IN,USA,3,The building is located at the top of the hill on the north side of the road.,Saturday before the second Sunday in November,Brad Bahler,,,
302,2019-11-09,,2019,Nov,2nd,Saturday,9,,Immanuel Baptist Church,,Immanuel Baptist Church,9027 Midway Rd.,Nashville,TN,USA,3,"Between Harding Road, U.S. 70, and Harding Place",,Tim Reynolds,,,
303,2019-11-09,,2019,Nov,2nd,Saturday,9,,Dallas County Singing,10:00 a.m.,Cochran Chapel United Methodist Church,,Dallas 75209,TX,USA,3,,,Donald Ross,,,
304,2019-11-09,,2019,Nov,2nd,Saturday,9,,Stapleford Sacred Harp Singing,,Stapleford Baptist Church,Albert St,"Stapleford, Nottingham",,England,3,,,Helen Brown,,,
305,2019-11-09,,2019,Nov,2nd,Saturday,9,,James River Convention,,,,Richmond,VA,USA,3,,Saturday before the second Sunday in November,Bridget Camden,,,
306,2019-11-09,,2019,Nov,2nd,Saturday,9,,Berkshire Foothills Singing,10:00 a.m.,Lenox Community Center,65 Walker Street,Lenox,MA,USA,3,,,Sally Langendorf or Joanne Fuller,,,
307,2019-11-10,,2019,Nov,2nd,Sunday,10,,Calhoun County Convention and Boiling Springs Convention at Oak Hill Baptist Church,9:30 a.m.,Oak Hill Baptist Church,"County Line Road, near Lindy Ln.",Oxford,AL,USA,3,Get on Hwy. 21 South in Oxford—Go under I-20—Take left at light onto Friendship Road—Cross 3 bridges to traffic light—Turn right onto Cheaha Drive—Go 5/6 blocks—Turn left onto County Line Road—Church on right,,Cecil Roberts,,,
308,2019-11-10,,2019,Nov,2nd,Sunday,10,,The Cooper Book Convention,,Traveler’s Rest Church,,Samson,AL,USA,3,,,Wayne Jones,,,
309,2019-11-16,,2019,Nov,3rd,Saturday,16,,Tri-County Sacred Harp Singing,9:30 a.m.,Wetumpka Presbyterian Church Fellowship Hall,West Ln.,Wetumpka,AL,USA,"1, 3",,,Bill Hogan,,,
310,2019-11-16,,2019,Nov,3rd,Saturday,16,,West Yorkshire Sacred Harp Day,,West Lane Methodist Chapel,,"Haworth, West Yorkshire",,England,3,,,Chris Brown/Judy Whiting,,,
311,2019-11-16,,2019,Nov,3rd,Saturday,16,,Georgian Harmony Singing,,Hollingsworth Home,1547 Adams Clark Rd,Commerce,GA,USA,3,,,John Plunkett or Oscar McGuire,,,
312,2019-11-16,,2019,Nov,3rd,Saturday,16,,Northeast Kansas Singing,10:00 a.m.,The White Schoolhouse,1510 North 3rd Street,Lawrence,KA,USA,"3, 12",,,info@kawshapenote.org,,,
313,2019-11-16,,2019,Nov,3rd,Saturday,16,,Holly Springs Primitive Baptist Church,7:00 p.m.,Holly Springs Primitive Baptist Church,Holly Springs Rd.,near Bremen (Carroll County),GA,USA,3,,Saturday night before the third Sunday in November,Cecil Roberts,,,
314,2019-11-17,,2019,Nov,3rd,Sunday,17,,Davis Memorial,10:00 a.m.,Historic Sugar Valley Baptist Church,"4380 Sugar Valley Road, NW",Sugar Valley,GA,USA,3,"GPS: 34.574923, -85.024869 (the historic church building, not the active First Baptist Church.) Go to the intersection of Hill City Rd and Sugar Valley Rd NW.",,Judy Mincey,,,
315,2019-11-17,,2019,Nov,3rd,Sunday,17,,Wakefield Memorial,,Kings School House (Mt. Vernon),,near Lynn (Winston County),AL,USA,3,,,,,,
316,2019-11-23,,2019,Nov,4th,Saturday,23,,Thanksgiving Sacred Harp Singing,10:30 a.m.,Jordans Village Hall,Green Road West,"Jordans, Buckinghamshire",,England,3,,,Sheila/Edwin Macadam,,,
317,2019-11-23,,2019,Nov,4th,Saturday and Sunday,"23,24",,Alabama Sacred Harp Musical Convention,9:00 a.m. Saturday and 9:30 a.m. Sunday,Jefferson State Community College,2601 Carson Road,Birmingham,AL,USA,3,Eugene Fitzgerald Student Center (Jefferson Campus),,David Ivey,,,
318,2019-11-23,,2019,Nov,4th,Saturday,23,,Sacred Harp Musical Heritage Association (SHMHA) Annual Meeting,2:00 p.m.,"Jefferson State Community College, Eugene Fitzgerald Student Center (Jefferson Campus)",2601 Carson Road,Birmingham,AL,USA,3,Meeting follows Saturday singing session,,"David Ivey, David@DavidIvey.com or 256-258-8660",,,
319,2019-11-27,,2019,Nov,4th,Wednesday,27,,Cornucopia All-Night Singing,,,,Princeton,NJ,USA,3,,,Jeff Gauthier,,,
320,2019-12-30,,2019,Dec,1st,Saturday,30,,Sacred Harp Singing,10:00 a.m.,Salem Evangelical Lutheran Church,4930 West Bellfort Ave.,Houston,TX,USA,"1, 3",,,Linda Siemers or www.texasfasola.org,,,
321,2019-12-30,,2019,Dec,1st,Saturday,30,,Lehigh Valley All-Day Singing (Shenandoah Harmony),10:00 a.m.-3:30 p.m.,Location TBA,,Bethlehem,PA,USA,3,,First Saturday in December,Daniel Hunter,,,
322,2019-12-30,,2019,Dec,1st,Saturday and Sunday,"30,1",,Florida State Sacred Harp Convention,,Holiday Inn,2001 Cove Boulevard,Panama City,FL,USA,1,For reservations call 850.769.0000,,,,,
323,2019-12-30,,2019,Dec,1st,Saturday and Sunday,"30,1",,Georgia State Christian Harmony Convention,9:30 a.m.,No. 3 Railroad Street Community Center,3 Railroad St.,Arnoldsville,GA,USA,2,,,Mike Spencer or John Plunkett,,,
324,2019-12-07,,2019,Dec,2nd,Saturday and Sunday,"7,8",,Joseph Jackson Beasley Memorial,,Concord Primitive Baptist Church,575 County Highway 173,Winfield (Marion County),AL,USA,3,,,John Beasley,,,
325,2019-12-27,,2019,Dec,5th,Friday,27,,Barrett’s Singing,5:30 p.m.,Patton Home,,Henagar,AL,USA,3,,,Barrett Patton,,,
326,2019-12-29,,2019,Dec,5th,Sunday,29,,Old Chicora (Hillsborough County),10:00 a.m.,Bethlehem Primitive Baptist Church,17385 Bethlehem Rd,Lithia,FL,USA,1,,Fifth Sundays,"Skylar Strickland, skyami89@gmail.com or Janice Clenney, jerilclenney@gmail.com",,,
327,2019-12-31,,2019,Dec,5th,Tuesday,31,,Wootten Family New Year’s Eve Singing,7:00 p.m.,Antioch Baptist Church,844 Co Rd 783,Ider (DeKalb County),AL,USA,3,,,,,,
328,2019-12-31,,2019,Dec,5th,Tuesday,31,,New Year’s Eve Singing,6:00 p.m.,Hollingsworth Home,,Ila,GA,USA,"2, 3",,,John Hollingsworth,,,